Model Year,Manufacturer,Standards Category,Vehicle Fleet Category,GHG Standard (g/mi),Fleet Average (g/mi),Production Volume,Fleet Credits (Mg),A/C Efficiency Credits (Mg),A/C Leakage Credits (Mg),Off-Cycle Credits (Mg),Advanced Technology Credits (Mg),Methane (CH4) Debits (Mg),Nitrous Oxide (N2O) Debits (Mg),Total Credits (Mg)
"2009","BMW","EARLY","Car","-","-","-","316,248","62,528","74,511","47,875","-","-","-","501,162"
"2009","BMW","EARLY","Truck","-","-","-","-49,852","16,106","26,142","19,415","-","-","-","11,811"
"2010","BMW","EARLY","Car","-","-","-","197,441","46,231","55,480","35,317","-","-","-","334,469"
"2010","BMW","EARLY","Truck","-","-","-","-24,596","12,765","21,169","15,324","-","-","-","24,662"
"2011","BMW","EARLY","Car","-","-","-","-30,064","113,483","122,019","90,952","-","-","-","296,390"
"2011","BMW","EARLY","Truck","-","-","-","-35,374","30,428","49,627","38,347","-","-","-","83,028"
"2012","BMW","PRIMARY","Car","269.00","277","191,154","-298,604","116,556","149,108","96,322","-","-","-","63,382"
"2012","BMW","PRIMARY","Truck","336.00","363","65,856","-401,613","63,960","102,347","80,543","-","-3,944","-15,671","-174,378"
"2013","BMW","PRIMARY","Car","263.00","271","303,319","-473,818","251,534","208,519","176,244","-","-","-","162,479"
"2013","BMW","PRIMARY","Truck","324.00","346","98,969","-491,780","156,207","96,121","132,084","-","-1,287","-5,115","-113,770"
"2014","BMW","PRIMARY","Car","258.00","256","297,388","116,138","231,480","256,260","183,103","-","-4,677","-37,167","745,137"
"2014","BMW","PRIMARY","Truck","313.00","312","81,938","18,507","79,580","131,203","113,537","-","-1,365","-10,847","330,615"
"2015","BMW","PRIMARY","Car","244.00","256","338,704","-793,640","274,938","298,951","233,580","-","-1,497","-11,894","438"
"2015","BMW","PRIMARY","Truck","301.00","316","87,135","-295,211","84,627","136,661","128,762","-","-3,259","-25,900","25,680"
"2016","BMW","PRIMARY","Car","235.00","262","289,036","-1,523,835","241,276","261,750","213,889","-","-879","-6,982","-814,781"
"2016","BMW","PRIMARY","Truck","286.00","310","99,451","-539,100","97,329","156,928","155,758","-","-1,130","-8,976","-139,191"
"2017","BMW","PRIMARY","Car","221.00","251","228,971","-1,341,294","209,980","612,804","155,017","354,692","-486","-3,873","-13,160"
"2017","BMW","PRIMARY","Truck","284.00","310","106,960","-628,122","133,605","405,303","163,827","86,192","-900","-7,153","152,752"
"2018","BMW","PRIMARY","Car","212.00","253","269,666","-2,158,899","253,125","717,520","222,488","396,705","-665","-5,285","-575,011"
"2018","BMW","PRIMARY","Truck","275.00","304","98,526","-645,354","136,656","375,662","180,596","101,963","-1,197","-9,515","138,811"
"2012","BYD Motors","PRIMARY","Car","277.00","-","11","595","-","-","-","-","-","-","595"
"2013","BYD Motors","PRIMARY","Car","269.00","-","32","1,681","-","-","-","-","-","-","1,681"
"2014","BYD Motors","PRIMARY","Car","261.00","-","50","2,548","-","-","-","-","-","-","2,548"
"2016","BYD Motors","PRIMARY","Car","239.00","-","1","47","-","-","-","-","-","-","47"
"2017","BYD Motors","PRIMARY","Car","226.00","-","6","265","-","-","-","264","-","-","529"
"2018","BYD Motors","PRIMARY","Car","215.00","-","2","84","-","-","-","84","-","-","168"
"2012","Coda","PRIMARY","Car","246.00","-","115","5,524","-","-","-","-","-","-","5,524"
"2013","Coda","PRIMARY","Car","239.00","-","37","1,727","-","-","-","-","-","-","1,727"
"2009","FCA","EARLY","Car","-","-","-","224,447","68,074","306,794","63,919","-","-","-","663,234"
"2009","FCA","EARLY","Truck","-","-","-","4,414,889","86,828","825,947","318,290","-","-","-","5,645,954"
"2010","FCA","EARLY","Car","-","-","-","-1,259,775","107,553","459,191","92,694","-","-","-","-600,337"
"2010","FCA","EARLY","Truck","-","-","-","4,284,933","111,650","1,130,211","449,419","-","-","-","5,976,213"
"2011","FCA","EARLY","Car","-","-","-","-2,753,843","118,345","412,368","116,435","-","-","-","-2,106,695"
"2011","FCA","EARLY","Truck","-","-","-","-1,002,145","324,184","1,250,556","676,119","-","-","-","1,248,714"
"2012","FCA","PRIMARY","Car","277.00","287","538,887","-1,052,252","323,190","652,554","214,444","-","-8,804","-","129,132"
"2012","FCA","PRIMARY","Truck","345.00","363","994,996","-4,045,226","509,863","1,748,404","1,037,392","-","-19,913","-","-769,480"
"2013","FCA","PRIMARY","Car","270.00","277","654,845","-895,074","421,109","796,491","240,057","-","-5,058","-","557,525"
"2013","FCA","PRIMARY","Truck","338.00","359","852,653","-4,044,274","593,554","1,502,157","1,038,620","-","-190","-","-910,133"
"2014","FCA","PRIMARY","Car","262.00","286","648,377","-3,038,512","526,044","1,113,855","455,743","-","-755","-","-943,625"
"2014","FCA","PRIMARY","Truck","327.00","345","1,446,365","-5,880,298","1,313,950","3,186,801","2,510,037","-","-46,268","-","1,084,222"
"2015","FCA","PRIMARY","Car","247.00","266","769,687","-2,855,551","673,129","1,904,927","564,899","-","-10","-","287,394"
"2015","FCA","PRIMARY","Truck","307.00","339","1,416,487","-10,237,915","1,507,070","4,672,447","2,540,521","-","-3,650","-","-1,521,527"
"2016","FCA","PRIMARY","Car","237.00","288","632,859","-6,302,304","601,135","1,509,550","444,020","-","-38","-","-3,747,637"
"2016","FCA","PRIMARY","Truck","295.00","348","1,365,868","-16,350,594","1,309,446","4,537,811","2,621,961","-","-5,071","-","-7,886,447"
"2017","FCA","PRIMARY","Car","225.00","291","371,476","-4,787,369","306,736","904,745","246,677","365,561","-69","-","-2,963,719"
"2017","FCA","PRIMARY","Truck","297.00","347","1,548,229","-17,484,537","2,038,594","5,540,201","3,442,400","122,743","-4,271","-36,096","-6,380,966"
"2018","FCA","PRIMARY","Car","220.00","302","370,666","-5,934,974","325,918","983,430","305,445","58,235","-16","-","-4,261,962"
"2018","FCA","PRIMARY","Truck","282.00","332","1,517,375","-17,136,095","2,083,698","5,624,691","3,798,718","466,690","-7,642","-43,509","-5,213,449"
"2009","Ford","EARLY","Car","-","-","-","2,384,066","-","314,543","-","-","-","-","2,698,609"
"2009","Ford","EARLY","Truck","-","-","-","4,789,847","-","869,984","-","-","-","-","5,659,831"
"2010","Ford","EARLY","Car","-","-","-","2,005,904","15,304","592,822","12,925","-","-","-","2,626,955"
"2010","Ford","EARLY","Truck","-","-","-","3,054,497","6,501","1,741,938","8,373","-","-","-","4,811,309"
"2011","Ford","EARLY","Car","-","-","-","-2,476,429","14,415","736,492","11,904","-","-","-","-1,713,618"
"2011","Ford","EARLY","Truck","-","-","-","591,971","64,493","1,369,540","7,363","-","-","-","2,033,367"
"2012","Ford","PRIMARY","Car","265.00","252","1,052,721","2,672,261","40,776","890,500","133,122","-","-13,440","-2,714","3,720,505"
"2012","Ford","PRIMARY","Truck","364.00","364","701,602","-","62,072","1,169,219","92,814","-","-30,401","-147,158","1,146,546"
"2013","Ford","PRIMARY","Car","265.00","247","1,166,975","4,101,628","422,020","1,249,366","342,888","-","-12,412","-9,795","6,093,695"
"2013","Ford","PRIMARY","Truck","355.00","355","1,234,018","-","266,897","2,069,771","303,032","-","-49,342","-252,940","2,337,418"
"2014","Ford","PRIMARY","Car","254.00","247","1,258,732","1,720,495","481,384","1,412,435","648,009","-","-14,512","-5,272","4,242,539"
"2014","Ford","PRIMARY","Truck","345.00","355","1,075,502","-2,429,183","579,905","1,846,795","880,844","-","-44,119","-28,579","805,663"
"2015","Ford","PRIMARY","Car","245.00","250","888,604","-867,562","489,821","1,087,338","383,475","-","-8,804","-6,793","1,077,475"
"2015","Ford","PRIMARY","Truck","329.00","338","972,891","-1,977,678","678,740","1,685,004","858,763","-","-53,350","-30,635","1,160,844"
"2016","Ford","PRIMARY","Car","234.00","254","978,827","-3,822,594","533,799","1,202,274","408,656","-","-8,479","-3,489","-1,689,833"
"2016","Ford","PRIMARY","Truck","315.00","354","1,127,520","-9,932,025","877,364","1,951,941","1,112,797","-","-78,171","-56,591","-6,124,685"
"2017","Ford","PRIMARY","Car","222.00","259","1,013,712","-7,323,834","655,761","2,280,514","926,024","596,529","-5,099","-25,641","-2,895,746"
"2017","Ford","PRIMARY","Truck","308.00","348","1,195,392","-10,799,889","1,504,844","3,345,867","2,525,141","-","-43,972","-292,542","-3,760,551"
"2018","Ford","PRIMARY","Car","210.00","253","721,024","-6,053,971","545,726","1,702,100","665,017","149,250","-2,664","-20,529","-3,015,071"
"2018","Ford","PRIMARY","Truck","308.00","343","1,382,229","-10,926,900","2,019,735","4,473,088","3,789,684","-","-82,543","-116,620","-843,556"
"2009","GM","EARLY","Car","-","-","-","5,733,069","113,142","792,488","-","-","-","-","6,638,699"
"2009","GM","EARLY","Truck","-","-","-","4,961,620","12,683","1,393,043","3,329","-","-","-","6,370,675"
"2010","GM","EARLY","Car","-","-","-","502,507","99,629","716,959","110,148","-","-","-","1,429,243"
"2010","GM","EARLY","Truck","-","-","-","8,002,308","263,524","1,487,242","386,868","-","-","-","10,139,942"
"2011","GM","EARLY","Car","-","-","-","-5,701,728","310,606","1,329,675","254,524","-","-","-","-3,806,923"
"2011","GM","EARLY","Truck","-","-","-","2,564,097","330,160","1,648,173","474,481","-","-","-","5,016,911"
"2012","GM","PRIMARY","Car","272.00","272","1,449,244","-","635,343","1,597,485","398,917","-","-28,110","-","2,603,635"
"2012","GM","PRIMARY","Truck","369.00","374","915,130","-1,033,479","277,651","1,474,314","486,826","-","-73,522","-","1,131,790"
"2013","GM","PRIMARY","Car","263.00","263","1,432,131","-","799,644","1,775,294","414,012","-","-27,545","-","2,961,405"
"2013","GM","PRIMARY","Truck","360.00","373","913,765","-2,683,038","417,695","1,519,501","525,895","-","-89,000","-","-308,947"
"2014","GM","PRIMARY","Car","254.00","256","1,556,701","-607,935","930,086","1,917,683","1,040,056","-","-14,061","-7,384","3,258,445"
"2014","GM","PRIMARY","Truck","357.00","350","1,164,610","1,841,312","1,066,971","1,878,149","1,401,645","-","-43,744","-","6,144,333"
"2015","GM","PRIMARY","Car","244.00","259","1,331,442","-3,899,740","874,646","1,626,801","993,092","-","-1,930","-1,371","-408,502"
"2015","GM","PRIMARY","Truck","336.00","347","1,525,017","-3,788,928","1,502,958","2,274,024","2,060,903","-","-12,128","-","2,036,829"
"2016","GM","PRIMARY","Car","233.00","260","1,222,917","-6,447,375","877,339","1,529,206","1,129,123","-","-162","-","-2,911,869"
"2016","GM","PRIMARY","Truck","318.00","365","1,354,255","-14,376,304","1,323,933","2,043,970","1,950,411","-","-11,055","-17,554","-9,086,599"
"2017","GM","PRIMARY","Car","221.00","239","1,218,645","-4,283,235","904,246","2,169,825","1,252,296","2,087,553","-566","-2,173","2,127,946"
"2017","GM","PRIMARY","Truck","315.00","362","1,573,745","-16,706,334","2,306,265","5,222,039","2,728,559","-","-24,458","-16,608","-6,490,537"
"2018","GM","PRIMARY","Car","209.00","234","992,131","-4,843,187","828,975","2,414,132","1,317,165","927,661","-3,750","-6,416","634,580"
"2018","GM","PRIMARY","Truck","308.00","348","1,677,096","-15,151,892","2,512,536","6,380,298","3,616,640","-","-16,755","-23,402","-2,682,575"
"2009","Honda","EARLY","Car","-","-","-","9,904,611","156,650","246,771","-","-","-","-","10,308,032"
"2009","Honda","EARLY","Truck","-","-","-","3,530,151","118,686","176,484","-","-","-","-","3,825,321"
"2010","Honda","EARLY","Car","-","-","-","9,100,562","184,044","277,048","-","-","-","-","9,561,654"
"2010","Honda","EARLY","Truck","-","-","-","4,240,813","153,651","226,311","-","-","-","-","4,620,775"
"2011","Honda","EARLY","Car","-","-","-","3,112,085","111,741","142,831","-","-","-","-","3,366,657"
"2011","Honda","EARLY","Truck","-","-","-","3,601,876","274,345","283,674","-","-","-","-","4,159,895"
"2012","Honda","PRIMARY","Car","263.00","237","1,047,165","5,316,314","316,008","282,651","-","-","-","-","5,914,973"
"2012","Honda","PRIMARY","Truck","333.00","320","493,414","1,448,784","324,324","253,851","-","-","-","-","2,026,959"
"2013","Honda","PRIMARY","Car","256.00","228","1,021,800","5,586,581","449,698","264,375","-","-","-","-234,725","6,065,929"
"2013","Honda","PRIMARY","Truck","318.00","312","472,569","640,421","296,064","305,581","-","-","-","-","1,242,066"
"2014","Honda","PRIMARY","Car","250.00","228","868,337","3,730,209","414,625","225,990","289,095","-","-","-230,070","4,429,849"
"2014","Honda","PRIMARY","Truck","308.00","299","577,828","1,174,600","350,139","400,850","588,011","-","-","-","2,513,600"
"2015","Honda","PRIMARY","Car","236.00","217","1,020,610","3,786,479","475,932","315,425","333,444","-","-","-22,766","4,888,514"
"2015","Honda","PRIMARY","Truck","293.00","283","556,864","1,257,761","336,972","486,133","573,789","-","-","-71,956","2,582,699"
"2016","Honda","PRIMARY","Car","227.00","213","1,071,532","2,929,243","624,733","1,242,114","368,957","-","-","-","5,165,047"
"2016","Honda","PRIMARY","Truck","281.00","285","731,659","-661,025","512,895","1,308,644","860,888","-","-","-","2,021,402"
"2017","Honda","PRIMARY","Car","217.00","209","1,081,564","1,689,524","641,554","1,568,250","419,312","103,064","-","-","4,421,704"
"2017","Honda","PRIMARY","Truck","279.00","278","543,190","122,688","628,330","1,724,845","674,430","-","-","-","3,150,293"
"2018","Honda","PRIMARY","Car","208.00","203","1,032,136","1,007,695","714,342","2,363,864","496,471","505,564","-","-","5,087,936"
"2018","Honda","PRIMARY","Truck","267.00","269","594,730","-268,657","746,750","2,120,734","816,290","-","-","-","3,415,117"
"2009","Hyundai","EARLY","Car","-","-","-","3,779,073","-","-","-","-","-","-","3,779,073"
"2009","Hyundai","EARLY","Truck","-","-","-","826,860","-","-","-","-","-","-","826,860"
"2010","Hyundai","EARLY","Car","-","-","-","3,992,383","-","-","-","-","-","-","3,992,383"
"2010","Hyundai","EARLY","Truck","-","-","-","1,396,210","-","-","-","-","-","-","1,396,210"
"2011","Hyundai","EARLY","Car","-","-","-","3,406,267","-","-","-","-","-","-","3,406,267"
"2011","Hyundai","EARLY","Truck","-","-","-","606,702","-","-","-","-","-","-","606,702"
"2012","Hyundai","PRIMARY","Car","269.00","243","580,904","2,949,171","256,600","211,245","-","-","-","-","3,417,016"
"2012","Hyundai","PRIMARY","Truck","316.00","312","46,097","41,647","20,629","56,218","-","-","-","-","118,494"
"2013","Hyundai","PRIMARY","Car","261.00","238","1,061,950","4,769,294","571,743","442,551","-","-","-","-","5,783,588"
"2013","Hyundai","PRIMARY","Truck","309.00","317","38,073","-68,795","32,018","31,025","-","-","-","-","-5,752"
"2014","Hyundai","PRIMARY","Car","253.00","247","509,920","597,414","354,662","199,151","80,117","-","-","-","1,231,344"
"2014","Hyundai","PRIMARY","Truck","301.00","325","38,441","-208,379","34,233","24,989","31,625","-","-","-","-117,532"
"2015","Hyundai","PRIMARY","Car","246.00","246","604,286","-","448,624","301,255","166,386","-","-","-","916,265"
"2015","Hyundai","PRIMARY","Truck","285.00","324","41,839","-368,549","36,235","33,642","30,158","-","-","-","-268,514"
"2016","Hyundai","PRIMARY","Car","231.00","236","698,686","-682,141","520,949","372,376","162,564","-","-","-","373,748"
"2016","Hyundai","PRIMARY","Truck","280.00","339","19,927","-265,548","16,754","7,202","21,408","-","-","-","-220,184"
"2017","Hyundai","PRIMARY","Car","219.00","238","885,043","-3,283,524","584,879","528,439","267,218","61,335","-","-","-1,841,653"
"2017","Hyundai","PRIMARY","Truck","278.00","339","58,949","-812,185","71,898","21,303","70,531","-","-","-","-648,453"
"2018","Hyundai","PRIMARY","Car","209.00","241","686,103","-4,287,079","465,930","799,085","287,952","37,532","-","-","-2,696,580"
"2018","Hyundai","PRIMARY","Truck","266.00","340","22,124","-369,781","26,984","7,496","26,847","-","-","-","-308,454"
"2012","Jaguar Land Rover","PRIMARY","Car","292.00","375","12,443","-201,663","4,605","6,437","-","-","-","-","-190,621"
"2012","Jaguar Land Rover","TLAAS","Car","339.00","400","326","-3,883","166","197","-","-","-","-","-3,520"
"2012","Jaguar Land Rover","PRIMARY","Truck","314.00","398","2,921","-55,419","1,320","4,024","-","-","-","-","-50,075"
"2012","Jaguar Land Rover","TLAAS","Truck","406.00","442","38,871","-316,066","36,521","35,652","-","-","-","-","-243,893"
"2013","Jaguar Land Rover","PRIMARY","Car","283.00","342","16,026","-184,629","6,768","8,346","-","-","-","-","-169,515"
"2013","Jaguar Land Rover","TLAAS","Car","345.00","365","25","-98","12","13","-","-","-","-","-73"
"2013","Jaguar Land Rover","PRIMARY","Truck","310.00","351","23,278","-215,565","23,109","30,976","-","-","-","-","-161,480"
"2013","Jaguar Land Rover","TLAAS","Truck","396.00","475","24,254","-432,772","24,456","22,936","-","-","-","-","-385,380"
"2014","Jaguar Land Rover","PRIMARY","Car","267.00","328","11,802","-140,575","11,898","14,446","5,000","-","-","-","-109,231"
"2014","Jaguar Land Rover","TLAAS","Car","364.00","369","521","-509","580","1,404","315","-","-","-","1,790"
"2014","Jaguar Land Rover","PRIMARY","Truck","320.00","351","46,214","-323,582","59,497","179,535","58,840","-","-","-","-25,710"
"2014","Jaguar Land Rover","TLAAS","Truck","395.00","398","9,019","-6,111","9,635","29,105","10,330","-","-","-","42,959"
"2015","Jaguar Land Rover","PRIMARY","Car","257.00","324","15,581","-203,841","15,499","27,385","7,562","-","-","-","-153,395"
"2015","Jaguar Land Rover","TLAAS","Car","319.00","388","19","-256","16","10","11","-","-","-","-219"
"2015","Jaguar Land Rover","PRIMARY","Truck","293.00","305","27,470","-74,454","34,562","104,305","32,524","-","-","-","96,937"
"2015","Jaguar Land Rover","TLAAS","Truck","384.00","381","26,965","18,271","34,716","104,757","34,706","-","-","-","192,450"
"2016","Jaguar Land Rover","PRIMARY","Car","250.00","322","16,903","-237,639","18,814","45,546","10,018","-","-","-","-163,261"
"2016","Jaguar Land Rover","PRIMARY","Truck","288.00","361","97,677","-1,610,513","125,753","379,462","169,333","-","-","-","-935,965"
"2017","Jaguar Land Rover","PRIMARY","Car","244.00","291","27,798","-255,114","27,140","74,718","30,373","-","-","-","-122,883"
"2017","Jaguar Land Rover","PRIMARY","Truck","287.00","343","94,788","-1,198,920","154,147","367,413","188,784","-","-","-","-488,576"
"2018","Jaguar Land Rover","PRIMARY","Car","244.00","269","12,059","-58,867","11,773","32,401","14,428","-","-","-","-265"
"2018","Jaguar Land Rover","PRIMARY","Truck","287.00","322","98,556","-779,112","160,275","382,479","233,924","-","-","-","-2,434"
"2012","Karma Automotive","PRIMARY","Car","315.00","102","1,415","58,852","-","-","-","-","-","-","58,852"
"2009","Kia","EARLY","Car","-","-","-","2,016,423","-","-","-","-","-","-","2,016,423"
"2009","Kia","EARLY","Truck","-","-","-","1,118,352","-","-","-","-","-","-","1,118,352"
"2010","Kia","EARLY","Car","-","-","-","2,339,876","-","-","-","-","-","-","2,339,876"
"2010","Kia","EARLY","Truck","-","-","-","311,996","-","-","-","-","-","-","311,996"
"2011","Kia","EARLY","Car","-","-","-","981,906","-","-","-","-","-","-","981,906"
"2011","Kia","EARLY","Truck","-","-","-","3,675,639","-","-","-","-","-","-","3,675,639"
"2012","Kia","PRIMARY","Car","266.00","258","443,751","693,189","213,742","206,407","-","-","-","-","1,113,338"
"2012","Kia","PRIMARY","Truck","338.00","324","49,250","155,734","11,710","22,597","-","-","-","-","190,041"
"2013","Kia","PRIMARY","Car","258.00","252","611,414","716,323","296,847","277,180","-","-","-","-","1,290,350"
"2013","Kia","PRIMARY","Truck","303.00","301","16,980","7,670","13,040","19,176","-","-","-","-","39,886"
"2014","Kia","PRIMARY","Car","251.00","265","507,630","-1,387,706","361,051","208,197","124,810","-","-","-","-693,648"
"2014","Kia","PRIMARY","Truck","312.00","330","28,757","-116,914","11,353","18,904","8,412","-","-","-","-78,245"
"2015","Kia","PRIMARY","Car","241.00","260","626,285","-2,323,527","456,819","260,945","134,413","-","-","-","-1,471,350"
"2015","Kia","PRIMARY","Truck","308.00","327","49,219","-211,220","37,797","32,421","23,639","-","-","-","-117,363"
"2016","Kia","PRIMARY","Car","229.00","246","562,876","-1,868,460","381,366","283,543","146,732","-","-","-","-1,056,819"
"2016","Kia","PRIMARY","Truck","288.00","330","158,062","-1,499,428","121,382","97,287","118,830","-","-","-","-1,161,929"
"2017","Kia","PRIMARY","Car","218.00","232","442,327","-1,209,188","277,788","609,292","172,198","113,885","-","-","-36,025"
"2017","Kia","PRIMARY","Truck","281.00","323","168,582","-1,599,224","196,524","253,844","123,490","-","-","-","-1,025,366"
"2018","Kia","PRIMARY","Car","207.00","233","402,888","-2,045,408","261,424","764,987","161,344","102,177","-","-","-755,476"
"2018","Kia","PRIMARY","Truck","267.00","320","106,430","-1,274,057","125,442","171,116","98,380","-","-","-","-879,119"
"2009","Mazda","EARLY","Car","-","-","-","849,847","-","-","-","-","-","-","849,847"
"2009","Mazda","EARLY","Truck","-","-","-","555,874","-","-","-","-","-","-","555,874"
"2010","Mazda","EARLY","Car","-","-","-","2,172,829","-","-","-","-","-","-","2,172,829"
"2010","Mazda","EARLY","Truck","-","-","-","1,028,879","-","-","-","-","-","-","1,028,879"
"2011","Mazda","EARLY","Car","-","-","-","635,531","-","-","-","-","-","-","635,531"
"2011","Mazda","EARLY","Truck","-","-","-","239,682","-","-","-","-","-","-","239,682"
"2012","Mazda","PRIMARY","Car","259.00","241","213,308","749,725","-","-","-","-","-","-","749,725"
"2012","Mazda","PRIMARY","Truck","323.00","324","65,696","-14,838","-","-","-","-","-","-","-14,838"
"2013","Mazda","PRIMARY","Car","250.00","232","164,862","579,449","-","-","-","-","-","-","579,449"
"2013","Mazda","PRIMARY","Truck","311.00","296","61,093","206,982","-","-","-","-","-","-","206,982"
"2014","Mazda","PRIMARY","Car","251.00","220","217,333","1,315,557","38,194","39,304","53,552","-","-","-","1,446,607"
"2014","Mazda","PRIMARY","Truck","300.00","287","78,826","231,452","9,844","46,665","43,437","-","-","-","331,398"
"2015","Mazda","PRIMARY","Car","241.00","217","207,100","970,540","36,395","64,587","54,872","-","-","-","1,126,394"
"2015","Mazda","PRIMARY","Truck","285.00","285","78,793","-","10,514","48,531","44,019","-","-","-","103,064"
"2016","Mazda","PRIMARY","Car","228.00","214","305,635","835,513","53,712","107,422","84,561","-","-","-","1,081,208"
"2016","Mazda","PRIMARY","Truck","271.00","259","153,192","415,209","26,035","149,007","112,992","-","-","-6,763","696,480"
"2017","Mazda","PRIMARY","Car","216.00","222","182,534","-213,854","-","72,306","6,337","-","-944","-5,423","-141,578"
"2017","Mazda","PRIMARY","Truck","268.00","262","74,414","100,845","-","72,582","8,137","-","-695","-9,818","171,051"
"2018","Mazda","PRIMARY","Car","206.00","225","203,821","-756,179","-","98,770","75,084","-","-","-","-582,325"
"2018","Mazda","PRIMARY","Truck","260.00","261","115,014","-25,978","-","105,277","117,937","-","-","-","197,236"
"2009","Mercedes","EARLY","Car","-","-","-","-","30,018","31,408","-","-","-","-","61,426"
"2009","Mercedes","EARLY","Truck","-","-","-","-","16,744","18,297","-","-","-","-","35,041"
"2010","Mercedes","EARLY","Car","-","-","-","-","35,122","30,856","-","-","-","-","65,978"
"2010","Mercedes","EARLY","Truck","-","-","-","-","25,808","32,334","-","-","-","-","58,142"
"2011","Mercedes","EARLY","Car","-","-","-","-","71,586","41,110","-","-","-","-","112,696"
"2011","Mercedes","EARLY","Truck","-","-","-","-","28,138","16,851","-","-","-","-","44,989"
"2012","Mercedes","PRIMARY","Car","271.00","298","163,247","-860,659","167,018","139,724","13,756","-","-","-","-540,161"
"2012","Mercedes","TLAAS","Car","368.00","406","10,585","-78,541","8,866","4,587","6,522","-","-","-","-58,566"
"2012","Mercedes","PRIMARY","Truck","335.00","368","61,343","-457,223","65,016","97,267","2,464","-","-","-","-292,476"
"2012","Mercedes","TLAAS","Truck","434.00","408","20,230","118,800","18,061","28,291","2,835","-","-","-","167,987"
"2013","Mercedes","PRIMARY","Car","262.00","284","207,951","-893,318","207,174","175,477","49,115","-","-","-","-461,552"
"2013","Mercedes","TLAAS","Car","344.00","322","6","26","6","5","-","-","-","-","37"
"2013","Mercedes","PRIMARY","Truck","321.00","326","60,604","-68,442","73,347","102,127","23,785","-","-","-","130,817"
"2013","Mercedes","TLAAS","Truck","424.00","430","28,437","-38,538","34,186","30,070","6,318","-","-","-","32,036"
"2014","Mercedes","PRIMARY","Car","257.00","274","271,031","-899,684","285,704","245,585","139,554","-","-","-","-228,841"
"2014","Mercedes","TLAAS","Car","315.00","284","7,095","42,947","7,403","6,275","4,295","-","-","-","60,920"
"2014","Mercedes","PRIMARY","Truck","315.00","340","77,572","-438,020","93,551","123,285","24,078","-","-","-","-197,106"
"2014","Mercedes","TLAAS","Truck","412.00","433","14,740","-69,914","17,978","15,669","154","-","-","-","-36,113"
"2015","Mercedes","PRIMARY","Car","249.00","267","231,781","-814,653","247,626","246,345","161,328","-","-","-","-159,354"
"2015","Mercedes","TLAAS","Car","309.00","377","118","-1,567","127","102","45","-","-","-","-1,293"
"2015","Mercedes","PRIMARY","Truck","297.00","325","104,938","-663,651","129,377","171,932","61,796","-","-","-","-300,546"
"2015","Mercedes","TLAAS","Truck","389.00","435","18,789","-195,214","21,665","20,596","16,361","-","-","-","-136,592"
"2016","Mercedes","PRIMARY","Car","239.00","269","220,201","-1,289,920","233,353","236,227","155,616","-","-","-","-664,724"
"2016","Mercedes","PRIMARY","Truck","290.00","342","109,864","-1,290,350","131,987","176,030","81,796","-","-","-","-900,537"
"2017","Mercedes","PRIMARY","Car","229.00","269","198,665","-1,551,685","191,806","233,005","43,265","94,663","-","-","-988,946"
"2017","Mercedes","PRIMARY","Truck","290.00","349","146,014","-1,945,788","234,923","220,946","77,992","7,120","-","-","-1,404,807"
"2018","Mercedes","PRIMARY","Car","217.00","269","208,832","-2,120,423","203,358","243,733","47,421","79,776","-","-","-1,546,135"
"2018","Mercedes","PRIMARY","Truck","276.00","335","153,848","-2,050,184","247,537","249,227","85,040","25,807","-","-","-1,442,573"
"2009","Mitsubishi","EARLY","Car","-","-","-","491,817","-","-","-","-","-","-","491,817"
"2009","Mitsubishi","EARLY","Truck","-","-","-","133,349","-","-","-","-","-","-","133,349"
"2010","Mitsubishi","EARLY","Car","-","-","-","310,695","-","-","-","-","-","-","310,695"
"2010","Mitsubishi","EARLY","Truck","-","-","-","211,081","-","-","-","-","-","-","211,081"
"2011","Mitsubishi","EARLY","Car","-","-","-","212,415","-","-","-","-","-","-","212,415"
"2011","Mitsubishi","EARLY","Truck","-","-","-","89,979","-","-","-","-","-","-","89,979"
"2012","Mitsubishi","PRIMARY","Car","261.00","262","51,927","-10,139","-","-","-","-","-","-","-10,139"
"2012","Mitsubishi","PRIMARY","Truck","307.00","283","12,540","67,976","-","-","-","-","-","-","67,976"
"2013","Mitsubishi","PRIMARY","Car","249.00","254","32,654","-31,881","-","-","-","-","-","-","-31,881"
"2013","Mitsubishi","PRIMARY","Truck","296.00","267","13,754","90,090","-","-","-","-","-","-","90,090"
"2014","Mitsubishi","PRIMARY","Car","236.00","224","60,679","142,181","4,543","23,359","3,822","-","-","-","173,905"
"2014","Mitsubishi","PRIMARY","Truck","287.00","256","29,828","208,850","-","27,639","8,267","-","-","-","244,756"
"2015","Mitsubishi","PRIMARY","Car","225.00","215","91,822","179,295","7,610","35,374","6,898","-","-","-","229,177"
"2015","Mitsubishi","PRIMARY","Truck","273.00","254","39,366","168,937","-","19,582","12,142","-","-","-","200,661"
"2016","Mitsubishi","PRIMARY","Car","219.00","241","26,172","-112,430","-","14,092","2,423","-","-","-","-95,915"
"2016","Mitsubishi","PRIMARY","Truck","260.00","251","49,097","99,804","-","72,505","14,976","-","-","-","187,285"
"2017","Mitsubishi","PRIMARY","Car","201.00","201","74,248","-","13,305","48,349","4,523","588","-","-","66,765"
"2017","Mitsubishi","PRIMARY","Truck","254.00","255","49,247","-11,123","34,164","66,467","15,673","-","-","-","105,181"
"2018","Mitsubishi","PRIMARY","Car","192.00","197","58,412","-57,029","16,278","56,693","9,446","37,504","-","-","62,892"
"2018","Mitsubishi","PRIMARY","Truck","242.00","252","68,026","-153,647","48,607","223,307","21,816","-","-","-","140,083"
"2009","Nissan","EARLY","Car","-","-","-","6,502,124","225,310","20,466","-","-","-","-","6,747,900"
"2009","Nissan","EARLY","Truck","-","-","-","3,554,474","94,333","100,005","-","-","-","-","3,748,812"
"2010","Nissan","EARLY","Car","-","-","-","4,220,471","231,360","16,755","-","-","-","-","4,468,586"
"2010","Nissan","EARLY","Truck","-","-","-","1,122,176","81,072","109,905","-","-","-","-","1,313,153"
"2011","Nissan","EARLY","Car","-","-","-","781,048","248,584","44,656","-","-","-","-","1,074,288"
"2011","Nissan","EARLY","Truck","-","-","-","540,403","102,799","135,259","-","-","-","-","778,461"
"2012","Nissan","PRIMARY","Car","263.00","258","896,278","875,054","327,145","37,027","-","-","-","-","1,239,226"
"2012","Nissan","PRIMARY","Truck","337.00","367","331,886","-2,248,843","131,798","147,882","-","-","-","-","-1,969,163"
"2013","Nissan","PRIMARY","Car","259.00","232","919,647","4,848,497","623,973","38,523","-","-","-","-","5,510,993"
"2013","Nissan","PRIMARY","Truck","324.00","332","372,970","-673,927","189,942","163,513","-","-","-","-","-320,472"
"2014","Nissan","PRIMARY","Car","249.00","229","935,995","3,655,323","542,001","414,968","258,794","-","-","-","4,871,086"
"2014","Nissan","PRIMARY","Truck","318.00","327","389,639","-792,052","211,994","348,923","214,182","-","-","-","-16,953"
"2015","Nissan","PRIMARY","Car","239.00","217","1,216,392","5,225,386","717,255","900,624","371,370","-","-6,865","-81,821","7,125,949"
"2015","Nissan","PRIMARY","Truck","300.00","301","481,583","-108,773","229,139","656,279","307,758","-","-10,543","-125,680","948,180"
"2016","Nissan","PRIMARY","Car","229.00","221","943,334","1,473,593","562,084","746,573","330,780","-","-4,401","-56,360","3,052,269"
"2016","Nissan","PRIMARY","Truck","284.00","297","409,137","-1,201,326","233,228","633,442","247,048","-","-7,320","-87,252","-182,180"
"2017","Nissan","PRIMARY","Car","218.00","227","1,127,092","-1,980,724","668,537","885,414","473,320","480,382","-","-15,399","511,530"
"2017","Nissan","PRIMARY","Truck","289.00","313","561,597","-3,044,283","370,530","817,021","616,645","-","-","-","-1,240,087"
"2018","Nissan","PRIMARY","Car","207.00","225","895,716","-3,148,220","667,160","887,979","395,626","578,631","-","-8,812","-627,636"
"2018","Nissan","PRIMARY","Truck","277.00","313","432,028","-3,512,880","375,856","646,294","483,119","-","-","-","-2,007,611"
"2012","Porsche","TLAAS","Car","332.00","325","16,946","23,163","-","-","-","-","-","-","23,163"
"2012","Porsche","TLAAS","Truck","422.00","362","12,927","175,185","-","-","-","-","-","-","175,185"
"2013","Porsche","TLAAS","Car","314.00","309","22,021","21,500","-","-","-","-","-","-","21,500"
"2013","Porsche","TLAAS","Truck","410.00","363","19,461","206,591","-","-","-","-","-","-","206,591"
"2009","Subaru","EARLY","Car","-","-","-","459,469","-","-","-","-","-","-","459,469"
"2009","Subaru","EARLY","Truck","-","-","-","1,161,300","-","-","-","-","-","-","1,161,300"
"2010","Subaru","EARLY","Car","-","-","-","71,765","-","-","-","-","-","-","71,765"
"2010","Subaru","EARLY","Truck","-","-","-","2,153,531","-","-","-","-","-","-","2,153,531"
"2011","Subaru","EARLY","Car","-","-","-","-967,307","-","-","-","-","-","-","-967,307"
"2011","Subaru","EARLY","Truck","-","-","-","2,876,413","-","-","-","-","-","-","2,876,413"
"2012","Subaru","PRIMARY","Car","260.00","257","106,152","62,183","35,270","-","-","-","-","-","97,453"
"2012","Subaru","PRIMARY","Truck","309.00","296","163,860","481,133","67,731","-","-","-","-","-","548,864"
"2013","Subaru","PRIMARY","Car","251.00","254","145,705","-85,353","42,394","-","-","-","-","-","-42,959"
"2013","Subaru","PRIMARY","Truck","299.00","270","211,326","1,384,203","103,128","-","-","-","-","-","1,487,331"
"2014","Subaru","PRIMARY","Car","243.00","250","109,078","-149,093","30,379","-","-","-","-","-","-118,714"
"2014","Subaru","PRIMARY","Truck","289.00","254","356,818","2,820,744","179,565","-","1,045","-","-","-","3,001,354"
"2015","Subaru","PRIMARY","Car","234.00","241","175,352","-239,680","89,553","-","5,270","-","-","-","-144,857"
"2015","Subaru","PRIMARY","Truck","276.00","247","447,383","2,930,397","242,945","-","15,844","-","-","-","3,189,186"
"2016","Subaru","PRIMARY","Car","224.00","244","153,926","-601,124","88,364","-","10,458","-","-","-","-502,302"
"2016","Subaru","PRIMARY","Truck","262.00","246","402,071","1,453,020","246,860","-","22,531","-","-","-","1,722,411"
"2017","Subaru","PRIMARY","Car","213.00","243","181,917","-1,065,655","102,348","153,774","16,694","-","-","-","-792,839"
"2017","Subaru","PRIMARY","Truck","258.00","242","497,755","1,798,807","554,510","786,688","51,232","-","-","-","3,191,237"
"2018","Subaru","PRIMARY","Car","202.00","244","150,547","-1,234,649","81,454","102,413","48,851","-","-","-","-1,001,931"
"2018","Subaru","PRIMARY","Truck","246.00","239","523,848","828,232","538,423","638,867","529,419","-","-","-","2,534,941"
"2009","Suzuki","EARLY","Car","-","-","-","232,995","-","-","-","-","-","-","232,995"
"2009","Suzuki","EARLY","Truck","-","-","-","215,413","-","-","-","-","-","-","215,413"
"2010","Suzuki","EARLY","Car","-","-","-","165,760","-","-","-","-","-","-","165,760"
"2010","Suzuki","EARLY","Truck","-","-","-","163,622","-","-","-","-","-","-","163,622"
"2011","Suzuki","EARLY","Car","-","-","-","18,931","-","-","-","-","-","-","18,931"
"2011","Suzuki","EARLY","Truck","-","-","-","79,929","-","-","-","-","-","-","79,929"
"2012","Suzuki","PRIMARY","Car","251.00","267","25,266","-78,937","-","-","-","-","-","-","-78,937"
"2012","Suzuki","PRIMARY","Truck","325.00","361","5,997","-48,762","-","-","-","-","-","-","-48,762"
"2013","Suzuki","PRIMARY","Car","243.00","266","10,427","-46,828","-","-","-","-","-","-","-46,828"
"2013","Suzuki","PRIMARY","Truck","296.00","330","1,116","-8,570","-","-","-","-","-","-","-8,570"
"2010","Tesla","EARLY","Car","-","-","-","35,206","374","-","-","-","-","-","35,580"
"2010","Tesla","EARLY","Truck","-","-","-","-","-","-","-","-","-","-","-"
"2011","Tesla","EARLY","Car","-","-","-","14,024","168","-","-","-","-","-","14,192"
"2011","Tesla","EARLY","Truck","-","-","-","-","-","-","-","-","-","-","-"
"2012","Tesla","PRIMARY","Car","304.00","-","2,952","175,231","3,286","-","-","-","-","-","178,517"
"2013","Tesla","PRIMARY","Car","296.00","-","17,813","1,029,558","19,826","-","-","-","-","-","1,049,384"
"2014","Tesla","PRIMARY","Car","288.00","-","17,791","1,000,495","19,801","-","17,117","-","-","-","1,037,413"
"2015","Tesla","PRIMARY","Car","276.00","-","24,322","1,310,782","27,071","-","23,420","-","-","-","1,361,273"
"2016","Tesla","PRIMARY","Car","267.00","-","46,058","2,401,256","51,263","7,614","47,545","-","-","-","2,507,678"
"2017","Tesla","PRIMARY","Car","252.00","-","46,979","2,311,673","45,867","14,219","48,122","2,316,002","-","-","4,735,883"
"2018","Tesla","PRIMARY","Car","225.00","-","186,290","8,184,539","181,878","206,155","173,807","8,192,147","-","-","16,938,526"
"2018","Tesla","PRIMARY","Truck","292.00","-","6,812","449,269","11,078","8,001","12,767","449,885","-","-","931,000"
"2009","Toyota","EARLY","Car","-","-","-","19,400,957","639,927","507,913","-","-","-","-","20,548,797"
"2009","Toyota","EARLY","Truck","-","-","-","10,237,780","195,200","343,961","-","-","-","-","10,776,941"
"2010","Toyota","EARLY","Car","-","-","-","20,129,484","768,652","583,900","-","-","-","-","21,482,036"
"2010","Toyota","EARLY","Truck","-","-","-","12,003,853","373,144","598,764","-","-","-","-","12,975,761"
"2011","Toyota","EARLY","Car","-","-","-","5,343,618","621,412","532,137","-","-","-","-","6,497,167"
"2011","Toyota","EARLY","Truck","-","-","-","7,158,277","483,423","513,096","-","-","-","-","8,154,796"
"2012","Toyota","PRIMARY","Car","264.00","221","1,298,021","10,898,641","924,609","872,335","-","-","-","-","12,695,585"
"2012","Toyota","PRIMARY","Truck","342.00","345","722,227","-489,377","403,168","553,633","-","-","-","-","467,424"
"2013","Toyota","PRIMARY","Car","257.00","225","1,353,616","8,457,999","1,060,425","818,534","-","-","-","-","10,336,958"
"2013","Toyota","PRIMARY","Truck","330.00","340","909,478","-2,054,192","670,015","716,803","-","-","-","-","-667,374"
"2014","Toyota","PRIMARY","Car","250.00","221","1,423,148","8,058,798","1,285,854","1,046,321","580,060","-","-","-","10,971,033"
"2014","Toyota","PRIMARY","Truck","326.00","343","770,302","-2,957,732","542,960","716,849","566,238","-","-","-","-1,131,685"
"2015","Toyota","PRIMARY","Car","239.00","225","1,524,190","4,166,672","1,246,673","1,082,212","750,320","-","-","-14,844","7,231,033"
"2015","Toyota","PRIMARY","Truck","305.00","334","1,127,056","-7,382,313","879,685","1,108,798","689,293","-","-","-8,896","-4,713,433"
"2016","Toyota","PRIMARY","Car","228.00","224","1,355,012","1,058,340","1,317,725","897,532","360,178","-","-","-18,288","3,615,487"
"2016","Toyota","PRIMARY","Truck","292.00","342","1,022,967","-11,552,622","911,670","1,528,670","758,414","-","-","-24,344","-8,378,212"
"2017","Toyota","PRIMARY","Car","216.00","222","1,322,377","-1,549,276","1,137,148","835,763","917,932","751,878","-","-21,133","2,072,312"
"2017","Toyota","PRIMARY","Truck","290.00","325","1,244,479","-9,837,949","1,513,309","2,058,988","2,008,957","-","-","-24,524","-4,281,219"
"2018","Toyota","PRIMARY","Car","207.00","216","1,243,916","-2,186,028","1,079,319","1,686,152","1,077,743","408,860","-","-14,113","2,051,933"
"2018","Toyota","PRIMARY","Truck","275.00","324","1,199,216","-13,272,185","1,564,310","2,089,608","1,907,733","-","-3,491","-14,372","-7,728,397"
"2009","Volkswagen","EARLY","Car","-","-","-","1,592,527","231,296","110,126","-","-","-","-","1,933,949"
"2009","Volkswagen","EARLY","Truck","-","-","-","256,858","28,408","23,990","-","-","-","-","309,256"
"2010","Volkswagen","EARLY","Car","-","-","-","2,000,089","249,431","120,055","64,031","-","-","-","2,433,606"
"2010","Volkswagen","EARLY","Truck","-","-","-","363,961","42,110","36,017","12,786","-","-","-","454,874"
"2011","Volkswagen","EARLY","Car","-","-","-","508,374","239,277","109,887","71,100","-","-","-","928,638"
"2011","Volkswagen","EARLY","Truck","-","-","-","404,098","71,965","52,936","24,663","-","-","-","553,662"
"2012","Volkswagen","PRIMARY","Car","263.00","273","500,690","-977,667","374,795","221,065","121,957","-","-56,497","-138,267","-454,614"
"2012","Volkswagen","PRIMARY","Truck","327.00","330","64,882","-43,964","77,360","59,108","22,935","-","-1,515","-16,913","97,011"
"2013","Volkswagen","PRIMARY","Car","257.00","265","559,448","-873,920","417,725","290,530","169,637","-","-57,902","-150,195","-204,125"
"2013","Volkswagen","PRIMARY","Truck","317.00","312","68,414","77,262","80,313","78,562","18,228","-","-434","-10,889","243,042"
"2014","Volkswagen","PRIMARY","Car","250.00","256","487,086","-570,662","376,957","423,705","138,916","-","-44,575","-120,381","203,960"
"2014","Volkswagen","PRIMARY","Truck","311.00","320","103,524","-210,442","121,759","155,288","53,492","-","-922","-18,499","100,676"
"2015","Volkswagen","PRIMARY","Car","236.00","244","487,108","-760,917","383,978","435,715","174,189","-","-321","-82,228","150,416"
"2015","Volkswagen","PRIMARY","Truck","297.00","323","112,382","-659,962","129,509","179,463","51,346","-","-811","-9,662","-310,117"
"2016","Volkswagen","PRIMARY","Car","226.00","247","442,775","-1,815,618","386,940","492,639","179,256","-","-200","-1,096","-758,079"
"2016","Volkswagen","PRIMARY","Truck","279.00","320","119,437","-1,106,042","136,930","191,593","67,500","-","-481","-3,546","-714,046"
"2017","Volkswagen","PRIMARY","Car","213.00","246","500,125","-3,222,661","386,940","492,639","232,902","137,818","-334","-","-1,972,696"
"2017","Volkswagen","PRIMARY","Truck","282.00","321","164,114","-1,445,637","245,237","282,728","231,641","40,203","-","-","-645,828"
"2018","Volkswagen","PRIMARY","Car","206.00","257","329,216","-3,278,486","289,951","691,904","232,904","92,438","-348","-","-1,971,637"
"2018","Volkswagen","PRIMARY","Truck","272.00","300","400,267","-2,531,377","634,411","1,363,584","743,630","12,358","-","-","222,606"
"2009","Volvo","EARLY","Car","-","-","-","37,043","10,153","38,577","-","-","-","-","85,773"
"2009","Volvo","EARLY","Truck","-","-","-","82,540","7,853","18,123","-","-","-","-","108,516"
"2010","Volvo","EARLY","Car","-","-","-","-73,510","9,768","28,688","-","-","-","-","-35,054"
"2010","Volvo","EARLY","Truck","-","-","-","310,908","26,068","57,514","-","-","-","-","394,490"
"2011","Volvo","EARLY","Car","-","-","-","-160,100","9,873","30,220","-","-","-","-","-120,007"
"2011","Volvo","EARLY","Truck","-","-","-","225,729","24,807","45,933","-","-","-","-","296,469"
"2012","Volvo","PRIMARY","Car","272.00","297","52,375","-255,674","43,280","64,281","-","-","-","-","-148,113"
"2012","Volvo","PRIMARY","Truck","325.00","343","19,432","-79,002","18,880","33,040","-","-","-","-","-27,082"
"2013","Volvo","PRIMARY","Car","264.00","292","42,072","-230,024","30,611","51,622","-","-","-","-","-147,791"
"2013","Volvo","PRIMARY","Truck","316.00","348","31,282","-226,096","25,343","51,538","-","-","-","-","-149,215"
"2014","Volvo","PRIMARY","Car","258.00","288","16,526","-96,808","4,517","20,330","-","-","-","-","-71,961"
"2014","Volvo","PRIMARY","Truck","307.00","348","15,063","-139,490","2,854","24,902","-","-","-","-","-111,734"
"2015","Volvo","PRIMARY","Car","247.00","254","43,901","-60,006","21,613","43,455","-","-","-","-","5,062"
"2015","Volvo","PRIMARY","Truck","289.00","327","12,199","-104,702","3,858","21,491","-","-","-","-","-79,353"
"2015","Volvo","TLAAS","Truck","361.00","339","12,085","60,051","3,821","21,291","-","-","-","-","85,163"
"2016","Volvo","PRIMARY","Car","238.00","249","32,207","-69,178","20,754","31,954","-","-","-","-","-16,470"
"2016","Volvo","PRIMARY","Truck","289.00","300","57,283","-142,320","54,165","95,407","-","-","-","-","7,252"
"2017","Volvo","PRIMARY","Car","241.00","249","32,690","-51,065","25,486","34,762","21,786","-","-","-","30,969"
"2017","Volvo","PRIMARY","Truck","288.00","287","47,155","10,651","62,040","74,808","59,116","35,869","-","-","242,484"
"2018","Volvo","PRIMARY","Car","252.00","247","24,177","23,604","19,968","23,822","31,666","20,955","-","-","120,015"
"2018","Volvo","PRIMARY","Truck","292.00","279","70,767","207,789","102,487","112,883","175,299","70,421","-","-","668,879"
